{"accuracy": 0.9968068365548385, "precision": 0.7814327485380117, "recall": 0.547363031233999, "f1": 0.6437819933754892, "roc_auc": 0.9942823000392099}